STN_ID,LAT,LONG
61976099999,-15.8833333,54.5166666
69002093218,36.0,-121.23333
69014093101,33.66667,-117.73333
69015093121,34.3,-116.16667
69017099999,36.533,-115.567
69019013910,32.43333,-99.85
69023024255,48.35,-122.66667
69031003125,32.8356,-114.3942
69180499999,29.967,-81.983
69253499999,36.6666666,87.5
69258499999,36.583,-115.667
69270499999,32.033,-81.667
69325499999,30.4166666,-86.6666666
69011099999,42.608,-82.835
69148499999,47.6166666,-117.6666666
69236499999,39.417,-118.7
69430099999,41.05,-113.067
69645499999,32.5333333,-114.5166666
69646499999,32.5,-114.15
69811499999,34.3,-116.15
69960403145,32.65,-114.61667
70026027502,71.2834,-156.7815
70063027403,70.5,-149.88333
70063599999,68.483,-149.483
70063627405,70.25,-148.33333
70063727406,70.1917,-148.4772
70063899999,54.85,-163.4166666
70086027401,70.13389,-143.57694
70086399999,70.133903,-143.577044
70104099999,68.883,-166.133
70104399999,68.35,-166.8
70117099999,65.567,-167.917
70119599999,66.25,-166.083
70121026638,69.73333,-163.01667
70121399999,69.733,-163.017
70133026616,66.86667,-162.63333
70162026508,69.367,-152.133
70171899999,67.1,-157.85
70173099999,66.0,-153.7
70174026533,66.9169,-151.5154
70174599999,67.5,-148.483
70174899999,66.8166666,-150.65
70178026529,65.175,-152.1067
70179399999,65.0,-150.65
70179599999,65.933,-149.833
70194026413,66.56667,-145.26667
70200026617,64.5111,-165.44
70200599999,62.05,-163.3
70203599999,63.683,-170.483
70207026627,63.88333,-160.8
70208499999,62.783,-164.483
70212026633,61.78333,-166.03333
70218599999,60.367,-166.267
70219026615,60.785,-161.8293
70222099999,64.733,-156.933
70222499999,64.783,-141.15
70231026510,62.9574,-155.6103
70231599999,62.883,-155.967
70232026516,61.58159,-159.54304
70235099999,61.1,-155.567
70246026512,63.88611,-152.30194
70248399999,62.5333333,-153.6166667
70249099999,62.1,-152.75
70249599999,61.98,-152.08
70251026528,62.32,-150.095
70255026514,61.9772,-151.2169
70260026435,64.55,-149.07167
70260699999,62.883,-149.833
70260799999,58.12,-135.417
70261026411,64.8039,-147.8761
70261599999,64.833,-147.617
70264799999,63.87,-148.97
70264899999,63.4,-148.95
70265099999,64.65,-147.067
70266099999,63.9666666,-145.7
70267026415,63.9944,-145.7214
70267499999,65.833,-144.067
70267599999,63.033,-145.5
70268099999,62.1,-145.9666666
70269699999,61.633,-149.033
70270099999,61.2666666,-149.65
70271026425,62.1591,-145.4588
70271699999,61.817,-147.55
70272099999,61.25,-149.8
70273026451,61.169,-150.0278
70273526409,61.21694,-149.855
70274099999,61.595,-149.089
70275026442,61.1303,-146.3517
70275599999,61.433,-142.933
70275699999,61.133,-146.25
70275799999,60.767,-148.683
70277099999,60.117,-149.45
70291026412,62.9617,-141.9378
70291599999,62.7,-143.983
70296026410,60.4888,-145.4511
70298699999,60.817,-152.3
70305099999,58.65,-162.067
70308025713,57.15528,-170.22222
70316025624,55.22083,-162.7325
70316599999,55.333,-160.5
70326025503,58.6829,-156.6563
70333099999,56.95,-158.617
70340025506,59.7494,-154.9089
70340699999,60.2,-154.317
70341025507,59.642,-151.4908
70343025403,59.433,-146.333
70350025501,57.75111,-152.48556
70360699999,59.05,-160.383
70361025339,59.512,-139.6712
70362025335,59.4556,-135.3239
70362599999,59.233,-135.433
70367025322,58.4111,-135.7089
70371025333,57.0481,-135.3647
70372499999,61.75,-150.05
70381025309,58.3566,-134.564
70381699999,58.25,-134.9
70381799999,58.2,-136.35
70386025329,56.8055,-132.9372
70387099999,56.484,-132.37
70388699999,56.247,-134.65
70395025325,55.35667,-131.71167
70398025308,55.0389,-131.5787
70414099999,52.717,174.1
70454025704,51.88333,-176.65
70454599999,51.383,179.267
70482025626,52.91667,-168.78333
70489099999,53.9,-166.55
70489899999,66.8175278,-161.02225
69756499999,32.7333333,-113.6333333
70119099999,65.253664,-166.858519
70204026703,63.76667,-171.73278
70259026523,60.5797,-151.2391
70271799999,66.600139,-159.98575
70321099999,59.05,-158.517
70385599999,56.95,-133.9
72201512850,24.58333,-81.68333
72201699999,24.733,-81.05
72202499999,25.9,-80.283
72202512849,26.0719,-80.1536
72202612826,25.48333,-80.38333
72202999999,25.65,-80.433
72203012844,26.6847,-80.0994
72203899999,26.153,-81.775
72203999999,26.2,-80.167
72204012838,28.1011,-80.6439
72204512843,27.651,-80.4199
72204699999,28.517,-80.8
72204799999,27.47,-80.3
72204999999,26.25,-80.117
72205012815,28.4339,-81.325
72205112841,28.54528,-81.33306
72205312841,28.54528,-81.33306
72205599999,29.167,-82.217
72205612834,29.1828,-81.0483
72205999999,42.683,-88.3
72206013889,30.495,-81.6936
72206593837,30.23333,-81.66667
72206603853,30.4,-81.41667
72206793832,30.21667,-81.88333
72206899999,30.333,-81.517
72207003822,32.13,-81.21
72208013880,32.8986,-80.0402
72208593831,32.48333,-80.71667
72209099999,31.883,-81.567
72210399999,27.483,-80.367
72210492806,27.76472,-82.6275
72210612835,26.585,-81.8614
72210899999,26.533,-81.75
72211012842,27.96194,-82.5403
72211599999,27.383,-82.55
72211699999,27.9,-82.683
72212012833,29.63333,-83.10528
72212399999,27.95,-81.783
72213013861,31.25,-82.4
72213513870,31.5358,-82.5067
72213713878,31.1522,-81.3908
72214093805,30.39306,-84.35333
72214612816,29.6919,-82.2755
72216013869,31.53556,-84.19444
72216693845,30.7825,-83.27667
72217003813,32.6847,-83.6527
72217513860,32.63333,-83.6
72218003820,33.3644,-81.9633
72219013874,33.6301,-84.4418
72219599999,33.767,-84.517
72219699999,33.867,-84.3
72220012832,29.73333,-85.03333
72221513884,30.77972,-86.5225
72222113899,30.47806,-87.18694
72222503855,30.35,-87.31667
72222693841,30.71667,-87.01667
72223013894,30.68833,-88.24556
72223513838,30.62639,-88.06806
72223999999,31.35,-85.75
72224599999,30.2,-85.683
72224603844,30.65,-86.517
72225013829,32.35,-85.0
72225593842,32.5161,-84.9422
72226013895,32.2997,-86.4075
72226513821,32.38333,-86.35
72226703878,31.86056,-86.01222
72226893843,31.317,-85.45
72226903850,31.26667,-85.71667
72227013864,33.91667,-84.51667
72228693806,33.2119,-87.6161
72228713871,33.5872,-85.8556
72229003881,32.9,-87.25
72229399999,29.784,-93.3
72229499999,29.7996806,-92.803536
72229599999,28.5333333,-90.5833333
72229699999,28.5,-91.2
72230399999,28.13,-94.4
72230499999,28.78,-89.05
72230699999,28.47,-91.78
72230799999,29.286071,-89.363949
72230899999,29.1,-90.2
72230999999,29.25,-89.9666666
72231012916,29.997528,-90.277806
72231403934,30.033,-91.883
72231553917,30.0494,-90.0288
72231612958,29.81667,-90.01667
72232899999,29.7,-91.1
72232999999,29.717,-91.333
72233799999,28.22,-93.75
72234013865,32.3347,-88.7442
72234503866,32.55,-88.56667
72234899999,31.467,-89.333
72235003940,32.3205,-90.0777
72235613939,33.4825,-90.98528
72235799999,31.617,-91.3
72235893919,31.1827,-90.4708
72235913978,33.4963,-90.0866
72238399999,0.0,0.0
72238499999,27.95,-93.98
72238699999,0.0,0.0
72238899999,0.0,0.0
72239003931,31.05,-93.18333
72239399999,28.2,-94.2
72239899999,28.3,-91.98
72240003937,30.12472,-93.22833
72240399999,29.56,-91.533
72240413941,30.21028,-93.14333
72240513976,30.205,-91.9875
72240699999,29.567,-90.66
72240899999,29.7666666,-92.1166666
72241012917,29.95056,-94.02056
72241799999,42.067,-87.683
72241899999,41.717,-87.533
72242099999,29.3,-94.8
72242212923,29.2733,-94.8592
72242399999,29.267,-94.867
72242699999,28.983,-95.317
72242999999,30.067,-95.55
72243012960,29.98,-95.36
72243512918,29.63806,-95.28194
72243999999,28.02,-95.87
72244503904,30.58917,-96.36472
72244693987,31.23611,-94.75444
72244703901,32.38472,-94.71167
72244813972,32.35417,-95.4025
72245399999,29.7,-93.95
72248013957,32.4472,-93.8244
72248499999,32.54,-93.745
72248513944,32.5,-93.66667
72248613942,32.5155,-92.0405
72248713935,31.3953,-92.2907
72250012919,25.9141,-97.423
72250399999,28.583,-92.467
72250512904,26.22806,-97.65417
72250612959,26.18389,-98.25389
72251012924,27.7742,-97.5122
72251512926,27.68333,-97.28333
72251712932,27.74111,-98.02472
72252012920,27.55,-99.467
72252399999,29.333,-98.467
72252499999,28.083,-97.05
72252612947,28.45667,-99.21833
72252799999,29.117,-95.467
72253012921,29.5443,-98.4839
72253312962,29.3601,-99.1742
72253512909,29.38333,-98.58333
72253612911,29.5325,-98.2623
72253799999,29.977,-99.086
72254013958,30.3208,-97.7604
72254599999,30.2,-97.6833333
72255012912,28.8614,-96.9303
72255512935,28.72472,-96.25361
72255612925,28.36667,-97.66667
72256013959,31.61889,-97.22833
72257599999,31.083,-97.683
72257603902,31.06667,-97.83333
72257799999,31.15,-97.4
72258113960,32.8519,-96.8555
72258313960,32.8519,-96.8555
72258593901,32.73333,-96.96667
72258799999,33.633,-95.45
72258899999,33.067,-96.067
72259003927,32.8978,-97.0189
72259513911,32.76667,-97.45
72259613961,32.81917,-97.36139
72259793985,32.7816,-98.0602
72259899999,32.967,-96.833
72259999999,32.683,-96.867
72260003969,32.21528,-98.1775
72261022010,29.3784,-100.927
72261522001,29.36667,-100.78333
72263023034,31.35167,-100.495
72263693042,36.0167,-102.55
72264093035,30.37139,-104.01667
72265023023,31.9475,-102.2086
72265623040,31.7801,-103.2018
72266013962,32.4105,-99.6822
72266699999,31.8,-98.95
72267023042,33.6656,-101.8231
72267399999,33.72,-96.67
72267523021,33.58333,-102.23333
72268023009,33.3075,-104.5083
72268399999,33.467,-105.533
72268599999,34.1,-105.6666666
72268623008,34.38333,-103.31667
72268793033,32.3335,-104.258
72268893034,32.6933,-103.2125
72268999999,34.433,-103.083
72269399999,32.833,-105.983
72269599999,32.283,-106.917
72270023044,31.81111,-106.37583
72271093045,33.23667,-107.26806
72272093063,32.63333,-108.16667
72272599999,32.25,-107.717
72272699999,31.42,-110.85
72273003124,31.58833,-110.34417
72273593026,31.4583,-109.6061
72274023160,32.1313,-110.9552
72274523109,32.16667,-110.88333
72274799999,32.85,-109.633
72278023183,33.4277,-112.0038
72278399999,33.467,-111.733
72278499999,33.688,-112.083
72278523111,33.55,-112.36667
72278623104,33.3,-111.66667
72278999999,33.623,-111.911
72280023195,32.66667,-114.6
72281023199,32.81667,-115.68333
72285999999,33.45,-117.68
72286023119,33.9,-117.25
72286593180,34.067,-117.65
72286623122,34.09528,-117.23472
72286723156,33.9255,-116.9903
72286899999,33.833,-116.5
72286999999,33.95,-117.433
72288023152,34.20056,-118.3575
72288399999,33.87,-118.4
72288499999,34.0,-118.5
72288599999,34.017,-118.45
72288623130,34.20972,-118.48917
72288799999,34.083,-117.783
72289093136,34.23333,-118.06667
72289999999,33.967,-117.633
72290023188,32.7336,-117.1831
72290199999,32.817,-117.133
72290399999,32.816,-117.14
72290423196,32.567,-116.967
72290599999,32.67,-117.48
72290693112,32.7,-117.2
72290799999,32.833,-116.967
72290993115,32.56667,-117.11667
72291093116,33.23983,-119.45816
72291399999,33.97,-118.43
72291499999,32.77,-117.23
72291999999,32.98,-117.27
72292499999,33.33,-118.33
72292593117,33.02333,-118.58806
72292603154,33.3,-117.35
72292799999,33.128,-117.28
72202012839,25.7905,-80.3163
72205712854,28.77972,-81.24361
72211999999,27.983,-82.017
72221013858,30.48333,-86.51667
72228013876,33.56556,-86.745
72231713970,30.5372,-91.1469
72239499999,28.5,-91.3
72243612906,29.61667,-95.16667
72251612928,27.5,-97.81667
72257003933,31.13333,-97.71667
72262023055,31.83111,-104.80889
72269099999,32.3833333,-106.4833333
72278899999,33.417,-112.383
72293093107,32.86667,-117.13333
72293399999,33.42,-117.62
72293599999,34.4666666,-120.0333333
72295023174,33.938,-118.3888
72295399999,35.059,-118.152
72295499999,34.02,-118.82
72295503122,33.8016,-118.3419
72295699999,33.917,-118.333
72295899999,33.72,-118.28
72295999999,32.87,-117.25
72297023129,33.8116,-118.1463
72297399999,33.6,-117.88
72297593106,33.783,-118.05
72297699999,33.867,-117.983
72297793184,33.68,-117.86639
72297899999,33.65,-118.0
72301113748,34.2675,-77.8997
72301699999,34.18,-77.82
72303013714,35.17389,-79.00889
72303499999,35.033,-79.5
72303599999,34.983,-78.883
72304093729,35.2326,-75.6219
72304699999,35.917,-75.7
72306013722,35.8923,-78.7819
72306613713,35.3444,-77.9647
72306793726,35.31667,-77.63333
72306899999,35.85,-77.883
72306999999,34.833,-77.617
72307513769,36.81667,-76.03333
72307899999,36.595753,-78.560133
72308013737,36.9033,-76.1922
72308513750,36.93746,-76.28926
72308699999,37.133,-76.483
72308793735,37.13333,-76.6
72308913755,37.933,-75.383
72309013754,34.9,-76.88333
72309499999,34.65,-77.1
72309593719,35.0677,-77.048
72309693727,34.70842,-77.43966
72310013883,33.9419,-81.1181
72310593833,33.921,-80.801
72310613744,34.1852,-79.7238
72311013873,33.948,-83.3275
72311913886,34.84611,-82.34611
72312003870,34.8842,-82.2209
72312593846,34.4977,-82.7097
72314013881,35.2236,-80.9552
72314503810,35.7425,-81.3819
72315003812,35.4319,-82.5375
72317013723,36.0969,-79.9432
72318113877,36.4731,-82.4044
72319393807,36.13361,-80.22222
72320093801,34.34778,-85.16111
72323003856,34.64389,-86.78611
72323513896,34.7441,-87.5997
72324013882,35.0311,-85.2014
72324499999,35.187569,-85.177734
72326013891,35.8181,-83.9858
72326503847,35.9509,-85.0813
72327013897,36.11889,-86.68917
72327399999,36.0,-86.517
72329103849,37.08722,-84.07694
72329303849,37.08722,-84.07694
72330099999,36.767,-90.467
72330193862,34.2622,-88.7713
72330613825,33.65,-88.45
72330799999,33.45,-88.583
72334013893,35.0564,-89.9865
72334603811,35.593,-88.9167
72334703809,36.0002,-89.4094
72340099999,34.833,-92.25
72340113963,34.7273,-92.2389
72340503930,34.91667,-92.15
72340799999,35.833,-90.633
72340813814,35.96667,-89.95
72341099999,34.6833333,-94.6166666
72341599999,34.467,-93.083
72341793988,34.175,-91.93472
72341813977,33.4536,-94.0074
72341993992,33.22083,-92.81417
72342599999,33.6228,-92.763394
72343499999,36.183,-94.117
72344013964,35.333,-94.3625
72344593993,36.0097,-94.1694
72344613971,36.2668,-93.1566
72348903935,37.2252,-89.5705
72349513987,37.1466,-94.5022
72351013966,33.9786,-98.4928
72352013902,34.65,-99.26667
72352593986,34.9894,-99.0525
72352699999,35.333,-99.2
72352713975,36.2967,-99.7689
72353013967,35.3889,-97.6006
72353599999,36.333,-97.917
72353699999,36.383,-97.783
72354013919,35.41667,-97.38333
72354499999,35.533,-97.65
72354599999,36.15,-97.083
72354613969,36.73667,-97.10194
72355013945,34.65,-98.4
72355599999,34.3,-97.017
72356013968,36.1994,-95.8872
72356693950,34.8822,-95.783
72357599999,34.567,-98.417
72360023051,36.4486,-103.1539
72360423007,34.4272,-100.2831
72362099999,34.022472,-106.903139
72362593057,35.16528,-107.90222
72362723081,35.5144,-108.794
72363023047,35.2295,-101.7042
72365023050,35.0419,-106.6155
72365499999,35.879,-106.269
72365599999,34.98,-106.05
72365623049,35.61694,-106.08889
72365799999,35.8,-107.18
72365823090,36.74361,-108.22917
72365999999,36.383,-105.6
72367599999,36.8833333,-106.5666666
72367623048,35.18222,-103.60306
72370099999,35.259,-113.95
72371099999,36.933,-111.45
72372123184,34.65167,-112.42083
72374023194,35.0281,-110.7208
72374593139,34.257,-111.339
72374799999,34.267,-110.0
72375499999,34.517,-109.383
72375503103,35.1441,-111.6663
72378199999,35.95,-112.15
72378399999,35.95,-112.133
72378799999,34.467,-111.767
72380523179,34.7675,-114.6188
72381023114,34.9,-117.86667
72381523161,34.8536,-116.7858
72381603159,34.7411,-118.2116
72382023182,34.62944,-118.08361
72382523131,34.58333,-117.38333
72384023155,35.4344,-119.0542
72386023169,36.0719,-115.1634
72387003160,36.6206,-116.0278
72389093193,36.78,-119.7194
72389499999,37.624,-118.838
72389699999,36.317,-119.4
72390099999,35.67,-121.28
72391093111,34.11667,-119.11667
72392399999,34.4,-119.7
72392499999,34.25,-119.25
72392523190,34.4258,-119.8425
72392793110,34.20083,-119.20694
72392999999,34.17,-119.22
72393099999,34.75,-120.567
72394023273,34.8994,-120.4486
72396593209,35.6697,-120.6283
72401693736,38.13861,-78.45306
72402493739,37.9372,-75.4708
72402699999,37.647,-75.761
72402799999,37.53,-75.62
72402899999,37.25,-76.0
72403093738,38.9408,-77.4636
72403513773,38.50362,-77.30503
72403793728,38.71667,-77.18333
72404013721,38.3,-76.41667
72404593720,38.34083,-75.51325
72404699999,38.62,-75.07
72405013743,38.8472,-77.03454
72405799999,39.467,-76.167
72405899999,36.683,-82.033
72406093721,39.1733,-76.684
72406499999,39.733,-77.433
72406699999,39.7,-77.717
72407093730,39.4494,-74.5672
72407513735,39.3667,-75.0667
72407613724,39.3775,-74.4233
72408013739,39.8683,-75.2311
72408594732,40.08194,-75.01111
72408614793,40.2,-75.15
72408799999,40.1,-74.02
72408813707,39.13333,-75.46667
72408913781,39.6728,-75.6008
72409014780,40.03333,-74.35
72409399999,38.683,-75.367
72409499999,40.883,-74.283
72409514792,40.27694,-74.81583
72409614706,40.01667,-74.6
72409799999,40.8,-74.417
72409999999,40.47,-74.02
72410013733,37.3208,-79.2067
72410613728,36.5729,-79.3351
72411013741,37.3169,-79.9741
72411599999,37.95,-79.833
72412003872,37.7836,-81.123
72412599999,37.296,-81.208
72412799999,37.858,-80.399
72413199999,37.483,-82.517
72413399999,37.48,-82.52
72414013866,38.3794,-81.59
72417013729,38.8853,-79.8528
72417599999,39.283,-80.217
72417613736,39.64278,-79.91639
72417713734,39.40375,-77.945
72421093814,39.0444,-84.6724
72422093820,38.0408,-84.6058
72423093821,38.1811,-85.7391
72423513810,38.22806,-85.66361
72423799999,37.733,-87.167
72424013807,37.9,-85.96667
72425003860,38.365,-82.555
72427103804,39.3395,-81.4438
72427303804,39.3395,-81.4438
72427514894,40.17639,-80.64722
72428014821,39.9907,-82.877
72428513812,39.81667,-82.93333
72428693824,39.94444,-81.89222
72428899999,40.067,-83.067
72428999999,41.7,-83.45
72429093815,39.9064,-84.2185
72429503867,39.833,-83.833
72429793812,39.10333,-84.41889
72432093817,38.0441,-87.5205
72433599999,38.317,-88.867
72433699999,37.767,-89.25
72433999999,37.75,-89.017
72434013994,38.7525,-90.3736
72434503966,38.65722,-90.65583
72435003816,37.0563,-88.7744
72436113803,39.26667,-85.9
72436313803,39.26667,-85.9
72437193823,39.45,-87.3
72437393823,39.45,-87.3
72437599999,39.133,-86.617
72438093819,39.72517,-86.28168
72438614835,40.41222,-86.93694
72439093822,39.8447,-89.6839
72439599999,38.883,-90.033
72439693989,39.93694,-91.19194
72439799999,40.467,-88.917
72439899999,36.883,-91.9
72440013995,37.2397,-93.3897
72445514938,40.09722,-92.54333
72445613997,38.13111,-91.76833
72445703938,37.75,-92.15
72445899999,38.583,-92.15
72446003947,39.2972,-94.7306
72446113988,39.1208,-94.5969
72446313988,39.1208,-94.5969
72446603929,38.84389,-94.56028
72446713930,38.71667,-93.55
72446899999,38.85,-94.733
72447593909,38.83167,-94.88972
72449013993,39.7736,-94.9233
72450003928,37.6475,-97.43
72450499999,37.75,-97.217
72450503923,37.61667,-97.26667
72450613986,38.06528,-97.86056
72450713981,37.67028,-95.48417
72451523064,37.92722,-100.72472
72451699999,37.033,-100.95
72451899999,38.842,-99.273
72452003957,37.2839,-98.5528
72455013947,39.05,-96.76667
72455599999,39.133,-96.667
72455613989,38.32917,-96.19472
72456013996,39.0725,-95.6261
72456513920,38.95028,-95.66389
72456713921,39.36667,-94.91667
72458013984,39.5514,-97.6508
72458593997,38.87611,-98.80917
72458603919,38.8,-97.65
72460099999,37.0,-101.88
72462023061,37.4389,-105.8613
72462599999,37.14,-107.76
72462699999,37.28,-107.87
72463099999,38.083,-102.617
72463523067,38.0494,-103.5122
72464093058,38.2901,-104.4983
72464523070,37.26222,-104.33778
72465023065,39.36722,-101.69333
72465593990,39.37556,-99.82972
72466093037,38.81,-104.6884
72466593010,39.18944,-103.71583
72466699999,39.57,-104.849
72467199999,39.25,-106.3
72467399999,39.22,-106.317
72467523063,39.65,-106.91667
72467699999,39.223,-106.869
72467799999,38.534,-106.933
72467899999,40.516,-106.866
72467999999,39.88,-105.77
72468094015,38.67833,-104.75667
72292999999,33.22,-117.4
72301599999,33.88,-78.02
72308899999,37.48,-76.32
72319193807,36.13361,-80.22222
72334593839,35.35,-89.86667
72348099999,36.7333333,-91.85
72356599999,36.767,-96.017
72367723054,35.65417,-105.14194
72383023187,34.7436,-118.7242
72401013740,37.505,-77.3202
72406799999,39.317,-76.4
72410599999,38.267,-78.9
72423603889,37.59139,-83.31444
72433813802,38.55,-89.85
72445003945,38.8169,-92.2183
72451013985,37.7686,-99.9678
72468699999,38.6,-106.92
72469023062,39.7633,-104.8694
72469523036,39.71667,-104.75
72469799999,40.588336,-105.041675
72469824015,40.16667,-103.21667
72469999999,39.917,-105.117
72470099999,39.617,-110.75
72472193025,37.613,-109.4847
72472393025,37.613,-109.4847
72472599999,40.32,-112.3
72473523170,38.41667,-110.7
72473699999,37.5,-110.7
72475499999,37.091,-113.593
72475593129,37.7086,-113.0944
72475623159,37.70639,-112.14556
72476023066,39.1342,-108.54
72476599999,38.517,-107.894
72476799999,37.3,-108.633
72476899999,40.437,-104.633
72477199999,39.0,-110.15
72477399999,39.0,-110.17
72479599999,39.33,-112.58
72479699999,41.783,-111.85
72480023157,37.3711,-118.358
72481023203,37.38333,-120.56667
72481599999,37.285,-120.514
72483023232,38.5069,-121.495
72483523206,38.56667,-121.3
72483623208,38.66667,-121.4
72483793216,39.13333,-121.43333
72483899999,39.1,-121.567
72483993225,38.69556,-121.58972
72484499999,37.798836,-116.78075
72485523153,38.0511,-117.0902
72486023154,39.2952,-114.8466
72487099999,37.61,-114.53
72488023185,39.4838,-119.7711
72488593102,39.41667,-118.71667
72491523245,36.583,-121.833
72491693217,36.68333,-121.76667
72491723233,36.6636,-121.6081
72492023237,37.8891,-121.2258
72492523240,37.4,-121.13333
72492623258,37.6241,-120.9505
72492799999,37.7,-121.817
72493023230,37.72139,-122.22083
72493599999,37.667,-122.117
72493623254,37.9917,-122.055
72493799999,37.461,-122.115
72493899999,37.512,-122.25
72494023234,37.6197,-122.3647
72494699999,37.333,-121.817
72495399999,38.517,-122.917
72495599999,38.213,-122.281
72495799999,38.517,-122.817
72497199999,39.783,-121.85
72497399999,39.8,-121.867
72502014734,40.6825,-74.1694
72502594741,40.85,-74.06139
72502799999,41.509,-72.829
72502899999,40.63,-73.27
72503014732,40.7792,-73.88
72503499999,40.917,-72.783
72503504781,40.7939,-73.1017
72503614757,41.6266,-73.8842
72503794745,41.06694,-73.7075
72503814714,41.5,-74.1
72503999999,40.95,-73.4
72504514758,41.26389,-72.88722
72504614707,41.3275,-72.04944
72505599999,41.67,-69.95
72505699999,41.35,-71.467
72505799999,41.28,-70.08
72505894793,41.16806,-71.57778
72506114756,41.25306,-70.06083
72506314756,41.25306,-70.06083
72506599999,41.667,-70.95
72506699999,41.4,-70.617
72506799999,41.667,-70.267
72506999999,41.683,-69.983
72507014765,41.7225,-71.4325
72507399999,42.067,-70.217
72507499999,41.583,-71.417
72507899999,41.45,-71.35
72508014740,41.9375,-72.6819
72508699999,41.372,-73.482
72508714752,41.73611,-72.65056
72508899999,42.583,-70.917
72508999999,41.27,-72.9
72509014739,42.3606,-71.0097
72509499999,42.1,-70.683
72509594746,42.2706,-71.8731
72509714790,42.15,-70.93333
72509899999,42.183,-71.167
72509999999,42.58,-70.67
72510114712,40.36667,-75.96667
72510314712,40.36667,-75.96667
72511114751,40.21722,-76.85139
72511514711,40.1962,-76.7724
72511699999,40.117,-76.283
72511799999,40.133,-80.283
72512614736,40.29639,-78.32028
72512704726,40.31611,-78.83389
72512899999,40.85,-77.85
72513014777,41.3336,-75.7269
72514014778,41.2433,-76.9217
72514499999,40.433,-76.567
72514599999,41.7,-74.8
72515004725,42.2068,-75.98
72515599999,42.491,-76.467
72515614748,42.15944,-76.89194
72516599999,43.517,-72.95
72517014737,40.65083,-75.4492
72518014735,42.7431,-73.8092
72518514750,43.35,-73.6167
72518699999,44.681854,-75.4655
72519014771,43.1111,-76.1038
72519599999,43.47,-76.52
72519794794,43.145,-75.38389
72519899999,41.7,-73.733
72520094823,40.4846,-80.2144
72520499999,40.767,-80.383
72520514762,40.35472,-79.92167
72520799999,40.267,-79.4
72521014895,40.9181,-81.4435
72521599999,41.47,-82.18
72523599999,42.153,-79.258
72524014820,41.4057,-81.852
72524399999,41.483,-81.7
72524499999,41.684028,-81.38975
72524599999,41.517,-81.683
72524614891,40.8204,-82.5178
72524799999,41.567,-81.483
72524999999,41.55,-82.73
72525014852,41.2548,-80.6737
72526014860,42.0803,-80.1824
72526604751,41.8,-78.6333
72526794868,41.38333,-79.86667
72528014733,42.9408,-78.7358
72528399999,42.24125,-78.371389
72528599999,42.88,-78.88
72528704724,43.10833,-78.93806
72528899999,43.27,-79.07
72529014768,43.1167,-77.6767
72529599999,43.25,-77.6
72530599999,41.908,-88.249
72530614855,42.08333,-87.83333
72531499999,38.567,-90.15
72531599999,40.033,-88.267
72531699999,39.833,-88.867
72532014842,40.6675,-89.6839
72533014827,40.9705,-85.2063
72533599999,40.65,-86.15
72533699999,40.233,-85.383
72533799999,41.617,-87.4
72534014819,41.78611,-87.75222
72534694866,41.86667,-87.61667
72534799999,42.417,-87.867
72535014848,41.7072,-86.3163
72535499999,41.717,-86.0
72536094830,41.5871,-83.8055
72536614825,41.01361,-83.66861
72537094847,42.2313,-83.3308
72537499999,42.223,-87.746
72537514822,42.40917,-83.01
72537614853,42.23333,-83.53333
72537714804,42.6083,-82.8183
72538599999,42.33,-82.97
72538799999,47.467,-87.883
72539014836,42.78028,-84.57889
72539514833,42.2667,-84.4667
72539614815,42.3075,-85.25111
72539799999,42.85,-84.48
72540099999,40.25,-93.72
72543094822,42.1927,-89.093
72544014923,41.46528,-90.52333
72545014990,41.8833,-91.7166
72545514931,40.78333,-91.12528
72546014933,41.5338,-93.653
72546514950,41.1077,-92.4466
72546699999,41.683,-93.55
72547094908,42.39778,-90.70361
72547399999,41.833,-90.333
72548094910,42.5544,-92.4011
72548514940,43.1544,-93.3269
72550014942,41.3102,-95.8991
72551014939,40.8508,-96.7475
72551599999,40.3,-96.75
72552014935,40.9611,-98.3136
72552499999,41.617,-98.95
72552599999,40.605,-98.428
72552699999,40.717,-99.0
72553094918,41.36667,-96.01667
72553399999,40.083,-95.6
72554014949,41.11667,-95.91667
72555599999,41.433,-99.65
72555699999,42.579,-100.0
72556014941,41.9855,-97.4352
72556599999,41.45,-97.333
72556699999,42.47,-98.688
72557014943,42.3913,-96.3791
72561024030,41.0993,-102.9863
72562599999,40.2,-100.583
72562624091,40.51,-101.62
72562799999,42.05,-101.07
72563499999,40.869111,-100.004222
72563599999,42.05,-102.8
72563624017,42.8374,-103.0981
72564024018,41.15,-104.8167
72564524022,41.3167,-105.6833
72566024028,41.8705,-103.593
72567024032,42.8783,-100.55
72568524019,42.75,-105.38333
72569024089,42.8977,-106.4739
72570099999,40.5,-107.533
72570599999,40.441,-109.51
72571599999,40.483,-107.217
72571699999,39.53,-107.8
72571799999,39.533,-107.733
72572499999,40.219,-111.723
72574124027,41.5944,-109.0529
72574399999,41.583,-109.017
72574524057,41.8,-107.2
72575024126,41.19611,-112.01139
72575524101,41.11667,-111.96667
72576024021,42.8154,-108.7261
72576524061,43.06417,-108.45889
72577504111,41.27306,-111.03056
72577699999,43.6,-110.733
72578024156,42.9202,-112.5711
72578499999,46.133,-115.6
72578524145,43.51639,-112.06722
72578624151,42.1884,-112.2475
72578899999,44.883,-116.1
72580524172,40.0681,-118.5692
72581024193,40.7206,-114.0358
72582524121,40.8288,-115.7886
72582699999,39.5,-117.08
72582799999,41.667,-115.783
72583024128,40.9017,-117.808
72583524119,40.6118,-116.8917
72583799999,40.375694,-120.572694
72584523225,39.2774,-120.7102
72584699999,39.32,-120.133
72584799999,38.883,-120.0
72584899999,40.02,-124.07
72586599999,43.5,-114.3
72586699999,42.483,-114.483
72586724133,42.5416,-113.7661
72586899999,42.633,-111.583
72586994186,42.3061,-113.3688
72589594236,42.14694,-121.72417
72589699999,42.22,-120.35
72591024216,40.1519,-122.2536
72591524257,40.5175,-122.2986
72594099999,40.8,-124.167
72594524283,40.97806,-124.10861
72594624286,41.78028,-124.23667
72595524259,41.78139,-122.46806
72595724215,41.3325,-122.33278
72595899999,41.483,-120.567
72595999999,41.733,-122.55
72597024225,42.3811,-122.8722
72597524235,42.6003,-123.3641
72598524267,42.07444,-124.29
72603699999,43.833,-68.833
72605014745,43.12,-71.3
72605499999,42.32,-70.88
72605599999,43.083,-70.817
72605999999,43.07,-70.72
72606499999,43.4,-70.7
72606799999,42.2,-70.72
72606899999,42.05,-70.18
72606999999,41.78,-70.5
72607114606,44.7978,-68.8185
72607499999,45.45,-69.55
72607799999,44.45,-68.367
72607999999,44.067,-69.1
72608014608,44.90667,-66.99194
72608399999,47.285,-68.313
72608499999,44.53,-67.62
72611699999,43.617,-72.3
72612099999,44.93,-72.2
72613099999,44.267,-71.3
72614594705,44.2035,-72.5623
72615599999,43.567,-71.417
72616599999,42.9,-72.267
72468499999,38.517,-106.017
72476699999,38.5,-107.883
72485699999,38.544367,-118.6343
72494523293,37.3591,-121.924
72504094702,41.1583,-73.1289
72507999999,41.532,-71.282
72512504787,41.17833,-78.89889
72519614717,43.234,-75.407
72525399999,41.210183,-81.251625
72532399999,40.933,-90.433
72538699999,44.017,-82.783
72549099999,42.55,-94.183
72562024023,41.1213,-100.6694
72572024127,40.7781,-111.9694
72582499999,39.517,-115.967
72590523275,39.12583,-123.20083
72618099999,44.5333333,-70.5333333
72618499999,44.05,-70.283
72618514605,44.3155,-69.7972
72618799999,44.1,-69.1
72618999999,44.27,-68.32
72619614610,45.6477,-68.6925
72622194725,44.93583,-74.84583
72622504742,44.65,-73.46667
72622794790,43.9922,-76.0217
72622899999,44.383,-74.2
72635094860,42.8825,-85.52389
72635599999,42.133,-86.433
72635699999,42.12,-86.48
72635799999,42.233,-85.55
72635899999,41.7033169,-86.8212417
72636014840,43.17111,-86.23667
72636599999,43.95,-86.47
72637599999,42.667,-83.417
72637699999,43.0,-82.42
72637799999,43.63,-83.85
72637914845,43.53306,-84.07972
72638094814,44.3591,-84.6738
72638414817,44.28333,-85.41667
72638599999,44.272,-86.247
72638699999,44.63,-86.25
72638714850,44.74083,-85.5825
72639094849,45.0716,-83.5644
72639499999,46.311,-85.457
72639514808,44.45,-83.4
72639799999,44.25,-83.43
72639999999,45.95,-86.23
72640014839,42.955,-87.9044
72640499999,45.933,-89.733
72640594869,43.1086,-88.0306
72640799999,43.02,-87.95
72640899999,43.75,-87.7
72641014837,43.1405,-89.3452
72641599999,42.62,-89.042
72641614921,43.21194,-90.18139
72643014920,43.8788,-91.2527
72643514991,44.8665,-91.4879
72643694930,43.93333,-90.26667
72644014925,43.9041,-92.4916
72645014898,44.4794,-88.1366
72645499999,44.13,-87.55
72645599999,44.133,-87.683
72645699999,43.983,-88.55
72645799999,44.25,-88.517
72645899999,44.85,-87.417
72645999999,44.78,-87.32
72646114897,44.9288,-89.6277
72646599999,44.783,-89.667
72646799999,45.417,-91.767
72646899999,45.717,-90.4
72648099999,45.723,-87.094
72648299999,45.717,-87.1
72648399999,45.717,-87.1
72648799999,45.127,-87.638
72649999999,43.407,-94.746
72650099999,43.167,-95.15
72651014944,43.5778,-96.7539
72651499999,43.733,-103.617
72651599999,44.3,-96.817
72652099999,43.0666666,-98.5333333
72652599999,42.917,-97.383
72653099999,43.8,-99.317
72654014936,44.3981,-98.2231
72654599999,43.775,-98.039
72655014926,45.5433,-94.0513
72655599999,46.4,-94.133
72655699999,44.55,-95.083
72655714910,45.8679,-95.3941
72655999999,44.451,-95.822
72656099999,44.383,-100.283
72656399999,44.325,-93.311
72657599999,45.062,-93.354
72657614928,45.11667,-95.08333
72657799999,45.15,-93.217
72657999999,44.817,-93.45
72658014922,44.8831,-93.2289
72658399999,45.1,-94.5
72658414927,44.93194,-93.05556
72658599999,44.223,-93.919
72658699999,43.65,-94.417
72658799999,43.65,-95.583
72659014929,45.4433,-98.413
72660599999,44.480322,-103.782958
72662024090,44.0433,-103.0536
72662524006,44.15,-103.1
72662699999,45.15,-89.117
72662799999,45.6,-103.55
72665099999,44.349,-105.539
72666024029,44.7694,-106.9688
72666494173,44.54444,-110.42111
72666599999,43.967,-107.95
72667199999,45.433,-105.4
72667399999,45.433,-105.4
72667699999,47.133,-104.8
72668599999,45.547,-100.408
72668624025,44.3813,-100.2855
72669599999,45.918697,-102.106178
72670099999,44.517,-109.017
72676199999,44.65,-111.1
72676399999,44.65,-111.1
72676599999,44.683,-111.117
72676699999,44.567,-112.317
72677024033,45.8069,-108.5422
72677499999,46.25,-114.15
72677599999,46.43,-109.83
72677624036,47.0492,-109.4578
72678524135,45.9647,-112.5006
72679624138,45.2575,-112.5544
72679724132,45.788,-111.1608
72679824150,45.6983,-110.4408
72681024131,43.5666,-116.2405
72681524106,43.05,-115.86667
72683099999,43.583,-118.95
72683499999,42.15,-124.27
72683524230,44.2558,-121.1392
72683894185,43.595,-118.9564
72683999999,44.4,-118.967
72686699999,45.18,-113.9
72687199999,45.95,-116.133
72687399999,45.9425556,-116.123416
72687499999,42.9,-117.65
72688024155,45.6983,-118.8547
72688424148,45.28333,-118.0
72688524152,45.51139,-118.42472
72688624130,44.8428,-117.8086
72690424231,43.23889,-123.35472
72691699999,43.68,-124.17
72691724284,43.41333,-124.24361
72693024221,44.1278,-123.2206
72694024232,44.905,-123.0011
72694599999,44.483,-123.283
72695499999,44.583,-124.067
72695699999,44.62,-124.05
72695799999,45.2,-123.967
72695824285,44.58333,-124.05
72695999999,45.25,-122.767
72698024229,45.5958,-122.6093
72698599999,45.55,-122.4
72698699999,45.533,-122.95
72698799999,45.667,-121.883
72698824219,45.6194,-121.1661
72698999999,45.57,-123.92
72703199999,46.133,-67.783
72703399999,46.117,-67.8
72711999999,46.6166666,-69.5166666
72712014607,46.8705,-68.0173
72712514623,46.95,-67.88333
72713014604,46.68333,-68.05
72734014847,46.4794,-84.3572
72734699999,46.5,-84.33
72734714841,45.5644,-84.7927
72734899999,45.85,-84.72
72741099999,45.955025,-90.424419
72741599999,45.633,-89.467
72743094850,46.5313,-87.5491
72743599999,45.865,-84.637
72743799999,45.817,-88.117
72743899999,46.55,-87.38
72744014858,47.16861,-88.48889
72744599999,46.527,-90.131
72744899999,47.23,-88.63
72745014913,46.8369,-92.1833
72745299999,47.85,-96.617
72745394967,46.90056,-95.06778
72745594931,47.38639,-92.83889
72745699999,46.722,-92.043
72745899999,47.217,-93.517
72745999999,47.817,-91.833
72747014918,48.5614,-93.3981
72747799999,48.85,-95.7
72750099999,46.6,-94.32
72753014914,46.92528,-96.81111
72753499999,46.1,-97.15
72753514919,46.9258,-98.6691
72755099999,47.5,-94.933
72755499999,47.75,-90.34
72755599999,48.066,-96.185
72756099999,48.9333333,-95.35
72757299999,48.117,-98.9
72757399999,48.114,-98.909
72757594925,47.96667,-97.4
72757614916,47.9428,-97.1839
72758099999,48.1,-98.87
72764524012,46.7994,-102.7972
72765099999,47.75,-101.83
72767094014,48.1738,-103.6366
72767594011,48.41667,-101.35
72767624013,48.2552,-101.2733
72768094008,48.2138,-106.6214
72768499999,47.329,-106.953
72768699999,48.1,-105.583
72768799999,47.707,-104.193
72772024144,46.6056,-111.9636
72773024153,46.9208,-114.0925
72773524139,46.6383,-113.1761
72775024143,47.4733,-111.3822
72775524112,47.51667,-111.18333
72777094012,48.5428,-109.7633
72779024146,48.3042,-114.2636
72779599999,47.6,-115.37
72781024243,46.5683,-120.5428
72781524237,47.2767,-121.3372
72782599999,47.399,-120.207
72782624141,47.3078,-119.5154
72782724110,47.20778,-119.31917
72783024149,46.3747,-117.0156
72783399999,44.52,-114.22
72783499999,47.767,-116.817
72783699999,47.47,-115.8
72784099999,46.567,-119.6
72784524163,46.26667,-119.11667
72784624160,46.09472,-118.28694
72785024157,47.6216,-117.528
72785524114,47.63333,-117.65
72785699999,47.683,-117.317
72785799999,46.75,-117.117
72787399999,48.55,-117.88
72788599999,48.117,-123.5
72789099999,48.417,-119.533
72791094224,46.1569,-123.8825
72791599999,46.28,-124.05
72791699999,46.92,-124.1
72792024227,46.9733,-122.9033
72792424223,46.11667,-122.89389
72792599999,47.233,-123.15
72792699999,46.483,-122.8
72792794225,46.9727,-123.9302
72792899999,47.483,-122.75
72793024233,47.4444,-122.3138
72793499999,47.493,-122.216
72793524234,47.53028,-122.30083
72793799999,47.9,-122.283
72793899999,47.267,-122.567
72793999999,47.52,-122.42
72797094240,47.9375,-124.555
72797624217,48.79389,-122.53722
72797799999,47.9,-124.63
72797999999,48.12,-122.75
72798499999,48.367,-124.6
72798599999,48.522,-123.024
72799699999,48.17,-123.1
74200699999,48.47,-122.42
74201024228,48.13333,-123.4
74206024207,47.15,-122.48333
74206599999,47.92,-122.53
74207024201,47.08333,-122.58333
74207599999,47.38,-122.37
74230024037,46.4266,-105.8825
74370099999,44.05,-75.733
74392014611,43.9,-69.93333
74394514710,42.93333,-71.43833
74420099999,40.3,-109.9833333
74460099999,41.3666666,-88.6833333
74465599999,41.767,-88.467
74471499999,40.883,-81.833
74486094789,40.6386,-73.7622
74486499999,40.717,-73.4
74486514719,40.84361,-72.63222
74490014702,42.47,-71.28944
74490499999,42.717,-71.117
74490504779,42.56667,-71.6
74491014703,42.2,-72.53333
74491514775,42.15778,-72.71611
74491699999,42.433,-73.3
74494099999,41.6666666,-69.9666666
74497699999,40.600105,-73.899581
74499404741,42.85,-73.95
74506023239,37.78333,-122.31667
74516023202,38.26667,-121.93333
74531093065,38.96667,-104.81667
74570013840,39.83333,-84.05
74594013705,38.81667,-76.86667
74595099999,38.33,-75.08
74596513756,38.95,-74.883
74598013702,37.08278,-76.36028
74611099999,35.280531,-116.630031
74612093104,35.6875,-117.6931
74619099999,36.33,-117.1
74637599999,34.933,-105.583
74671013806,36.66667,-87.48333
74671693808,36.9647,-86.4238
74693093737,35.13333,-78.93333
74694113786,36.26056,-76.175
74694313786,36.26056,-76.175
74695099999,35.6666666,-75.9
72617014742,44.4683,-73.1499
72637014826,42.9666,-83.7494
72640699999,42.58,-87.75
72646314897,44.9288,-89.6277
72654614946,44.9047,-97.1494
72658999999,43.683,-93.367
72671099999,42.567,-110.1
72683724162,44.02056,-117.01278
72695599999,44.0,-124.12
72734499999,46.25,-84.467
72745799999,46.825,-95.886
72764024011,46.7825,-100.7572
72779624137,48.6033,-112.3752
72788324220,47.03389,-120.53028
72796499999,48.25,-122.6666666
74394699999,42.783,-71.517
74704199999,34.083,-118.033
74704399999,34.086,-118.035
74718599999,32.834,-115.579
74718699999,32.633,-116.467
74718703104,33.62667,-116.15944
74718823158,33.6186,-114.7142
74724023168,32.883,-112.717
74730099999,30.1666666,-102.4166666
74732099999,32.85,-106.1
74733099999,33.9,-106.4
74740013973,30.51083,-99.76639
74754013934,31.317,-92.55
74755099999,31.1333333,-92.5666666
74768599999,30.4,-89.067
74768613820,30.41667,-88.91667
74775013846,30.06667,-85.58333
74777003852,30.41667,-86.68333
74781099999,30.967,-83.2
74788012810,27.85,-82.51667
74790013849,33.96667,-80.46667
74791013717,33.68333,-78.93333
74791593718,33.81167,-78.72389
74794599999,28.617,-80.7
74795012867,28.23333,-80.6
74796012804,27.65,-81.33333
78543011640,18.3363,-64.98
74702023110,36.33333,-119.95
74780499999,32.009,-81.146
78535011630,18.255,-65.64083
91162022501,22.03333,-159.78333
91165022536,21.98389,-159.34056
91170022508,21.48722,-158.02806
91176022519,21.45045,-157.76794
91178022514,21.31667,-158.06667
91182022521,21.324,-157.9294
91186099999,21.15,-157.1
91190499999,20.95,-156.667
91190599999,20.783,-156.95
91197599999,19.733,-156.033
91197699999,20.001328,-155.668108
91197799999,19.75,-155.55
91285021504,19.7191,-155.053
91190022516,20.89972,-156.42861
69001499999,32.35,-106.367
69365499999,0.0,0.0
72201012836,24.555,-81.75222
72289799999,35.233,-120.633
72462799999,37.95,-107.917
72606014764,43.6497,-70.3002
74509023244,37.40583,-122.04806
91161099999,22.15,-159.65
99017099999,57.0,-20.0
99018099999,66.0,2.0
99023099999,47.0,-17.0
99202099999,23.43,-162.21
99203099999,56.3,-148.17
99204099999,25.84,-89.66
99205099999,37.98,-130.0
99206099999,47.4,-124.5
99207099999,38.47,-70.56
99209099999,48.07,-87.78
99211099999,47.57,-86.55
99212099999,30.09,-88.77
99213099999,47.35,-89.83
99214099999,42.68,-87.03
99215099999,32.0,-75.0833333
99216099999,42.58,-130.36
99218099999,45.33,-86.42
99220099999,40.8,-137.48
99221099999,46.05,-131.02
99222099999,44.28,-82.42
99223099999,45.35,-82.84
99224099999,41.68,-82.4
99225099999,29.6,-93.5
99226099999,37.7,134.3
99228099999,29.0,135.0
99229099999,41.85,-124.38
99231099999,35.1,-121.01
99232099999,28.7,-95.3
99234099999,40.1,-73.0
99236099999,41.11,-66.62
99237099999,46.144,-124.51
99238099999,35.74,-121.89
99240099999,38.46,-74.7
99241099999,36.75,-122.42
99242099999,42.35,-70.69
99243099999,17.14,-157.79
99244099999,26.01,-85.91
99246099999,46.2,-124.2
99247099999,31.9,-80.9
99248099999,37.36,-122.88
99249099999,38.23,-123.32
99250099999,39.22,-123.97
99253099999,20.4,-157.1
99254099999,60.3,-177.0
99255099999,57.2,-170.3
99256099999,55.9,-168.0
99258099999,34.71,-120.97
99260099999,33.75,-119.08
99261099999,19.16,-160.74
99264099999,37.75,-122.82
99265099999,40.42,-124.53
99267099999,56.983,-9.883
99269099999,55.1,-163.1
99271099999,25.17,-94.42
99272099999,30.1,-88.2
99273099999,32.5,-79.1
99274099999,40.78,-124.54
99276099999,43.204,-69.128
99277099999,36.3,-75.4
99278099999,43.531,-70.144
99279099999,40.5,-69.43
99280099999,41.1,-82.0
99281099999,41.833,-124.4
99282099999,57.05,-177.58
99284099999,-18.0,-85.1
99287099999,48.7,-8.9
99289099999,57.0,0.0
99291099999,55.3,1.1
99294099999,41.9,-124.4
99299099999,43.0,-87.8
99401099999,28.9,-89.43
99402099999,36.91,-75.71
99403099999,35.15,-75.3
99404099999,33.49,-77.59
99405099999,26.61,-80.03
99406099999,43.97,-68.13
99407099999,47.68,-124.49
99408099999,57.27,-133.63
99409099999,48.22,-88.37
99411099999,27.83,-97.05
99412099999,38.96,-123.74
99413099999,47.87,-89.31
99414099999,41.4,-71.03
99415099999,30.4,-81.4
99416099999,34.62,-76.52
99417099999,26.317,-80.083
99418099999,48.32,-122.84
99419099999,47.08,-90.73
99420099999,47.18,-87.22
99421099999,34.58,-120.65
99422099999,27.07,-82.45
99423099999,32.68,-79.89
99424099999,43.34,-124.38
99425099999,42.49,-79.35
99426099999,29.67,-94.05
99427099999,42.97,-70.62
99429099999,29.27,-89.96
99430099999,48.39,-124.74
99431099999,24.9,-80.6
99432099999,43.89,-76.45
99433099999,43.75,-87.69
99434099999,41.63,-82.84
99435099999,47.66,-122.44
99436099999,29.67,-85.36
99437099999,43.78,-68.86
99438099999,31.95,-80.68
99439099999,26.7,-79.0
99440099999,38.9,-76.44
99441099999,29.86,-81.26
99442099999,30.25,-88.07
99443099999,25.01,-80.38
99444099999,29.4,-88.6
99445099999,24.63,-81.11
99217099999,51.83,-155.85
99239099999,15.0,-75.0
99262099999,17.52,-152.48
99285099999,60.58,-146.83
99410099999,40.46,-73.83
99428099999,44.61,-124.07
99446099999,41.0,-73.1
99513099999,56.4,2.2
99533099999,57.92,0.0
99557099999,42.4,-15.2
99591099999,28.51,-84.51
99447099999,27.8,-93.1
99449099999,8.93,165.75
99450099999,6.1,172.1
99451099999,29.667,-94.05
99453099999,4.6,168.7
99506099999,57.7,1.4
99507099999,58.05,-3.05
99511099999,53.8,-3.5
99516099999,60.22,-146.83
99517099999,59.35,1.3
99518099999,60.38,1.05
99520099999,57.1,1.0
99521099999,53.05,2.1166667
99523099999,56.3,2.01
99526099999,58.3,-1.7
99530099999,58.3,1.0
99540099999,59.5,1.4
99545099999,28.519,-80.166
99546099999,28.9,-78.55
99547099999,28.8,-86.06
99551099999,43.0,-79.3
99554099999,55.12,-6.6
99560099999,29.0,-14.1166667
99574099999,57.0,2.0
99584099999,29.4,-25.92
99593099999,50.4166667,0.2333333
99632099999,58.1166667,0.1166667
99999999999,27.4,175.6
